1,0.00329525
1,0.00177884
0.6,0.00171723
0.36,0.00175387
0.6,0.00178538
1,0.00169
1.66667,0.00168326
2.77778,0.0120173
4.62963,0.027966
4.62963,0.0271875
4.62963,0.0295439
4.62963,0.0275876
4.62963,0.0277524
4.62963,0.0283959
4.62963,0.0286924
4.62963,0.029105
4.62963,0.0284512
4.62963,0.0291501
7.71605,0.0257336
12.8601,0.0245891
21.4335,0.0235293
35.7225,0.0440318
59.5374,0.0412207
99.229,0.0441389
59.5374,0.0411844
35.7225,0.0420007
21.4335,0.0234674
35.7225,0.0423823
59.5374,0.041606
99.229,0.0454158
165.382,0.0803362
275.636,0.0894633
459.394,0.0883134
765.656,0.0900767
459.394,0.08851
275.636,0.0905534
165.382,0.0775456
99.229,0.046614
59.5374,0.043273
35.7225,0.0436802
21.4335,0.0232731
12.8601,0.0241991
7.71605,0.0252131
4.62963,0.0271954
2.77778,0.0149142
1.66667,0.00160287
1,0.00175334
0.6,0.00166062
0.36,0.00174993
0.36,0.00169297
0.36,0.0016803
0.36,0.0016764
0.36,0.00168053
0.36,0.00183077
0.36,0.00170464
0.36,0.00171716
0.36,0.00217194
0.36,0.00171784
0.36,0.00170205
0.6,0.00224904
1,0.00157918
1,0.00169712
1,0.00166719
1,0.00166992
1,0.00205597
1,0.00200694
1,0.00223947
1,0.00198806
1,0.00203188
1,0.00190839
1,0.0017539
1,0.00210031
1,0.00169556
1,0.0017694
1,0.00173081
1.66667,0.00172484
2.77778,0.0113739
4.62963,0.0274608
7.71605,0.0250476
12.8601,0.024584
1,0.0402454
1,0.0356844
1.66667,0.0263017
2.77778,0.0408604
4.62963,0.0523558
4.62963,0.0492638
4.62963,0.0477845
4.62963,0.0486768
4.62963,0.0500086
4.62963,0.0485846
4.62963,0.048724
4.62963,0.0487662
4.62963,0.0485231
4.62963,0.0548196
7.71605,0.0463895
12.8601,0.0451272
12.8601,0.0451198
12.8601,0.0447678
12.8601,0.0447176
12.8601,0.0465567
7.71605,0.0534469
4.62963,0.0502604
2.77778,0.033023
1.66667,0.0239088
1.66667,0.0366299
1.66667,0.0255579
1.66667,0.0245009
1.66667,0.0257084
1.66667,0.0246605
1.66667,0.0245521
1.66667,0.024737
1.66667,0.0247795
1.66667,0.0248421
1.66667,0.0242808
1.66667,0.0273402
1.66667,0.0257559
1.66667,0.0241291
2.77778,0.0328115
4.62963,0.0469933
7.71605,0.0487196
12.8601,0.0450253
1.09214,0.0536029
1.09214,0.0533773
0.655281,0.055918
0.393169,0.0554222
0.235901,0.0547591
0.235901,0.049342
0.393169,0.0568011
0.655281,0.0621522
1.09214,0.0506456
1.82023,0.0508035
1.82023,0.0510885
1.82023,0.054785
1.82023,0.0501207
1.82023,0.052253
1.82023,0.0499731
1.82023,0.0508264
1.82023,0.0498714
1.82023,0.0497302
1.82023,0.0492399
1.82023,0.049573
1.82023,0.0502282
1.82023,0.0508746
1.82023,0.0498674
1.82023,0.0513428
1.82023,0.0492905
1.82023,0.0511608
1.82023,0.0512736
1.82023,0.0520628
1.82023,0.0510665
1.82023,0.0489449
1.82023,0.0507115
1.82023,0.0496735
1.82023,0.0507673
1.82023,0.0494957
1.82023,0.0493008
1.09214,0.0528946
1.82023,0.0479036
3.03371,0.0662539
5.05618,0.0979812
8.42697,0.113417
14.0449,0.0936702
23.4082,0.126278
39.0137,0.147873
39.0137,0.143565
39.0137,0.140259
39.0137,0.149629
39.0137,0.149307
39.0137,0.15108
39.0137,0.149558
23.4082,0.120142
23.4082,0.12182
23.4082,0.121808
23.4082,0.126851
23.4082,0.128735
23.4082,0.120558
23.4082,0.125106
23.4082,0.128436
23.4082,0.123955
23.4082,0.122296
23.4082,0.123754
23.4082,0.129682
39.0137,0.141769
65.0229,0.62389
108.372,0.637324
180.619,0.63431
301.032,0.661447
501.72,0.657052
836.2,0.650641
1393.67,0.656059
836.2,0.65868
501.72,0.657937
301.032,0.663887
180.619,0.635632
108.372,0.633552
65.0229,0.62709
39.0137,0.141411
23.4082,0.127057
14.0449,0.0981681
14.0449,0.0986739
14.0449,0.0956952
14.0449,0.0983379
14.0449,0.0921571
14.0449,0.0973302
14.0449,0.104225
14.0449,0.0932227
14.0449,0.0974561
14.0449,0.0917664
14.0449,0.0922632
14.0449,0.0973595
14.0449,0.0961349
14.0449,0.0961449
14.0449,0.0971879
23.4082,0.109773
39.0137,0.101688
65.0229,0.572162
108.372,0.633553
108.372,0.628648
108.372,0.626125
65.0229,0.584296
39.0137,0.106272
23.4082,0.118529
14.0449,0.0977071
8.42697,0.107125
5.05618,0.0959969
3.03371,0.0690667
1.82023,0.0520078
1.82023,0.0486125
1.82023,0.0469867
1.82023,0.0493872
1.82023,0.0514265
1.82023,0.049921
1.82023,0.0507388
1.82023,0.0493125
1.82023,0.0495585
1.82023,0.051114
1.82023,0.0525211
1.82023,0.048832
1.82023,0.0491035
1.82023,0.0488099
1.82023,0.0508263
1.82023,0.049176
1.82023,0.0489149
1.82023,0.0494948
1.82023,0.0494422
1.82023,0.0505856
1.82023,0.0494704
1.82023,0.05036
1.82023,0.0489255
0.123722,0.145342
0.123722,0.145611
0.123722,0.147061
0.123722,0.145667
0.123722,0.14976
0.123722,0.149576
0.206204,0.122123
0.343673,0.104087
0.572789,0.0990989
0.954648,0.109054
1.59108,0.133088
1.59108,0.135948
1.59108,0.135087
1.59108,0.140168
1.59108,0.136483
1.59108,0.147839
1.59108,0.148674
1.59108,0.14226
2.6518,0.0910132
4.41967,0.0988184
2.6518,0.0930369
1.59108,0.242384
0.954648,0.112267
0.572789,0.0975918
0.343673,0.0989249
0.206204,0.122379
0.123722,0.136527
0.0742334,0.14338
0.0742334,0.144511
0.0742334,0.146074
0.0742334,0.141812
0.0742334,0.14366
0.0742334,0.143191
0.0742334,0.146515
0.123722,0.14193
0.123722,0.14124
0.123722,0.142291
0.123722,0.145455
0.123722,0.142879
0.206204,0.123746
0.343673,0.10456
0.572789,0.0984304
0.572789,0.0977448
0.572789,0.0997447
0.572789,0.100332
0.572789,0.104066
0.572789,0.1008
0.572789,0.100849
0.572789,0.100604
0.572789,0.102908
0.572789,0.100249
0.343673,0.107898
0.206204,0.127829
0.206204,0.122697
0.206204,0.122493
0.206204,0.123144
0.206204,0.120311
0.206204,0.11803
0.206204,0.12003
0.343673,0.0961606
0.572789,0.0961917
0.954648,0.108892
1.59108,0.0863101
2.6518,0.092253
1.59108,0.0907792
0.954648,0.109938
0.572789,0.0970815
0.343673,0.104678
0.206204,0.118113
0.123722,0.140499
0.123722,0.160098
0.123722,0.131721
0.123722,0.12965
0.123722,0.132191
0.123722,0.13024
0.123722,0.129495
0.123722,0.14176
0.123722,0.133484
0.206204,0.117689
0.343673,0.104872
0.572789,0.0969665
0.954648,0.104021
1.59108,0.133783
2.6518,0.0914596
4.41967,0.100111
7.36611,0.0980382
12.2768,0.10028
12.2768,0.102077
12.2768,0.100233
7.36611,0.0974636
4.41967,0.861616
2.6518,0.617489
1.59108,0.140746
0.954648,0.11511
0.572789,0.0965642
0.343673,0.100292
0.206204,0.120775
0.123722,0.137348
0.0742334,0.139738
0.04454,0.140577
0.0742334,0.139898
0.123722,0.138754
0.206204,0.128024
0.343673,0.0971399
0.343673,0.112129
0.343673,0.0973685
0.343673,0.102659
0.343673,0.100551
0.343673,0.100593
0.343673,0.103548
0.343673,0.102175
0.343673,0.101642
0.343673,0.103687
0.343673,0.102905
0.343673,0.102323
0.343673,0.104604
0.343673,0.114886
0.343673,0.101975
0.343673,0.101942
0.343673,0.0980974
0.343673,0.100425
0.343673,0.0990613
1.07956,0.0110631
1.07956,0.0087317
1.07956,0.00940781
1.07956,0.00885067
1.07956,0.00916347
1.07956,0.0101511
1.07956,0.0119375
1.07956,0.00943664
1.07956,0.00895019
1.79926,0.00769291
2.99877,0.0194367
2.99877,0.0185018
2.99877,0.0188044
2.99877,0.0191651
2.99877,0.0212126
2.99877,0.0226858
2.99877,0.0186266
2.99877,0.0216237
2.99877,0.0232307
4.99796,0.0255211
8.32993,0.0255927
13.8832,0.0245037
23.1387,0.0241203
38.5645,0.0291575
64.2741,0.0456106
107.124,0.0783726
178.539,0.0648593
107.124,0.0640839
64.2741,0.0517649
38.5645,0.0350384
23.1387,0.0234261
13.8832,0.0247411
8.32993,0.0255347
4.99796,0.0266526
2.99877,0.0189154
1.79926,0.00789307
1.07956,0.00853769
0.647735,0.00858305
1.07956,0.00866854
1.79926,0.0082856
2.99877,0.0190376
4.99796,0.0256634
4.99796,0.0249028
4.99796,0.0263291
4.99796,0.0263654
4.99796,0.0266511
4.99796,0.0257364
4.99796,0.0252141
4.99796,0.0256032
4.99796,0.0269983
4.99796,0.0271293
4.99796,0.0287544
4.99796,0.0268191
4.99796,0.0257411
4.99796,0.0316703
4.99796,0.0262691
4.99796,0.026369
4.99796,0.0253106
4.99796,0.0279387
4.99796,0.0272408
4.99796,0.0289686
4.99796,0.0275174
4.99796,0.027891
4.99796,0.0279466
8.32993,0.0253902
13.8832,0.02434
13.8832,0.0245487
13.8832,0.0246546
13.8832,0.0251505
13.8832,0.0246796
13.8832,0.0252306
13.8832,0.0264149
13.8832,0.0250639
13.8832,0.0268838
23.1387,0.0241678
38.5645,0.0304775
64.2741,0.0455138
64.2741,0.0455888
64.2741,0.0502477
64.2741,0.0486761
64.2741,0.0483217
64.2741,0.0515497
64.2741,0.0482095
64.2741,0.0472214
64.2741,0.0466248
64.2741,0.0448945
38.5645,0.0300765
23.1387,0.0233947
13.8832,0.0240493
8.32993,0.0251509
4.99796,0.0276142
2.99877,0.0222543
1.79926,0.00823217
1.07956,0.00863608
0.647735,0.00871549
0.647735,0.00858258
0.647735,0.00882873
0.647735,0.00982992
0.647735,0.00871365
0.647735,0.00966692
0.647735,0.0107603
0.647735,0.00923242
0.647735,0.00877773
0.123722,0.147286
0.0742334,0.143176
0.0742334,0.141312
0.0742334,0.142174
0.0742334,0.143843
0.0742334,0.144195
0.0742334,0.146472
0.123722,0.139708
0.206204,0.122314
0.343673,0.114662
0.572789,0.0971842
0.572789,0.0962572
0.572789,0.0973419
0.572789,0.0984672
0.572789,0.0981831
0.572789,0.0977009
0.572789,0.0986434
0.572789,0.0967666
0.572789,0.0950208
0.572789,0.0943313
0.572789,0.0988856
0.572789,0.0996173
0.572789,0.0984311
0.572789,0.0965225
0.343673,0.0945221
0.206204,0.111898
0.123722,0.144619
0.123722,0.137616
0.123722,0.142879
0.123722,0.157838
0.123722,0.148057
0.123722,0.150308
0.206204,0.120258
0.343673,0.0986831
0.572789,0.0978653
0.954648,0.123179
1.59108,0.138698
2.6518,0.258414
4.41967,0.102111
4.41967,0.0986167
4.41967,0.0992881
4.41967,0.100308
4.41967,0.102746
4.41967,0.100355
4.41967,0.102732
4.41967,0.102205
2.6518,0.212647
1.59108,0.139929
1.59108,0.136694
1.59108,0.141111
1.59108,0.139385
1.59108,0.138398
1.59108,0.138849
1.59108,0.136981
1.59108,0.137495
1.59108,0.133262
1.59108,0.137751
1.59108,0.135974
1,0.0344799
1,0.0284995
0.123722,0.147199
0.206204,0.123115
0.343673,0.101549
0.572789,0.0997832
0.954648,0.113842
0.954648,0.110777
0.954648,0.112158
0.954648,0.11627
0.954648,0.113466
0.954648,0.116073
0.954648,0.115538
0.572789,0.0992652
0.343673,0.105345
0.206204,0.128265
0.123722,0.139828
0.0742334,0.146601
0.0742334,0.141039
0.0742334,0.142759
0.0742334,0.14367
0.0742334,0.143215
0.123722,0.141061
0.206204,0.120649
0.343673,0.120948
0.572789,0.105185
0.954648,0.125644
1.59108,0.154937
2.6518,0.233205
4.41967,0.105357
7.36611,0.103288
12.2768,0.101911
20.4614,1.58517
20.4614,0.103952
18.6935,0.104225
18.6935,0.0991785
18.6935,0.1013
11.2161,0.100692
6.72965,0.108768
11.2161,0.106726
18.6935,0.106961
20.4614,0.10151
20.4614,0.098241
20.4614,0.0999185
12.2768,0.103698
7.36611,1.55222
4.41967,1.229
2.6518,0.664978
1.59108,0.143675
0.954648,0.1129
0.572789,0.103279
0.343673,0.112837
0.206204,0.13825
0.123722,0.146251
0.0742334,0.149621
0.04454,0.153045
0.026724,0.157327
0.0160344,0.17351
0.00962065,0.155075
0.00577239,0.149747
0.00962065,0.144899
0.0160344,0.148969
0.026724,0.143029
0.04454,0.146522
0.04454,0.144527
0.04454,0.14745
0.04454,0.146609
0.04454,0.147323
0.04454,0.1477
0.0742334,0.144519
0.123722,0.137482
0.123722,0.135263
0.123722,0.140608
0.123722,0.140787
0.123722,0.141999
0.123722,0.148209
0.206204,0.115116
0.343673,0.103564
0.343673,0.101003
0.343673,0.101597
0.343673,0.10352
0.572789,0.100746
0.954648,0.118217
1.59108,0.156368
2.6518,0.299899
2.6518,0.270945
2.6518,0.275375
2.6518,0.272759
2.6518,0.280205
2.6518,0.273839
2.6518,0.281665
2.6518,0.278129
2.6518,0.276291
2.6518,0.265908
2.6518,0.26838
4.41967,0.526701
7.36611,0.269675
7.36611,0.260386
7.36611,0.263385
7.36611,0.099344
7.36611,0.101189
7.36611,0.0993243
7.36611,0.103295
7.36611,0.101294
12.2768,0.0992933
20.4614,0.0982068
34.1024,0.103613
34.1024,0.108368
34.1024,0.105339
34.1024,0.104714
34.1024,0.104265
34.1024,0.109484
34.1024,0.111621
34.1024,0.111263
34.1024,0.108155
56.8373,0.109355
94.7288,0.14405
94.7288,0.136871
94.7288,0.138327
94.7288,0.138744
94.7288,0.136816
94.7288,0.138483
94.7288,0.14007
56.8373,0.10356
34.1024,0.106417
20.4614,0.0997417
12.2768,0.101581
7.36611,0.0994863
4.41967,0.543803
2.6518,0.279781
1.59108,0.167914
0.954648,0.119754
0.572789,0.105177
0.343673,0.108026
0.206204,0.122282
0.123722,0.153897
0.0742334,0.163214
0.04454,0.168243
0.026724,0.169644
0.0160344,0.162047
0.00962065,0.163972
0.0160344,0.141403
0.026724,0.14685
0.026724,0.142239
0.026724,0.147043
0.04454,0.143095
0.0742334,0.145398
0.123722,0.143162
1,0.0330182
1,0.0310667
0.123722,0.143835
0.123722,0.139397
0.123722,0.143513
0.123722,0.145769
0.123722,0.14196
0.123722,0.143031
0.206204,0.114586
0.343673,0.0952807
0.572789,0.108788
0.954648,0.124939
0.572789,0.0917167
0.343673,0.0949214
0.206204,0.114355
0.206204,0.113884
0.206204,0.118276
0.206204,0.114053
0.206204,0.114882
0.343673,0.0928396
0.572789,0.0964768
0.954648,0.110161
1.59108,0.0840549
2.6518,0.0893268
4.41967,0.105643
2.6518,0.0935752
1.59108,0.0910978
0.954648,0.106339
0.572789,0.0977091
0.343673,0.0945873
0.206204,0.11141
0.123722,0.142168
0.0742334,0.146457
0.0742334,0.139908
0.0742334,0.138742
0.0742334,0.142883
0.0742334,0.145762
1,0.0349059
1,0.0337946
0.123722,0.133389
0.123722,0.138183
0.123722,0.138086
0.123722,0.128104
0.123722,0.128076
0.123722,0.142382
0.123722,0.133591
0.123722,0.136865
0.123722,0.136474
0.123722,0.139909
0.206204,0.126566
0.343673,0.118707
0.343673,0.103952
0.343673,0.102049
0.343673,0.0920248
0.343673,0.0967139
0.343673,0.0906054
0.343673,0.0884134
0.572789,0.106564
0.954648,0.0938877
1.59108,0.0784305
2.6518,0.0973188
1.59108,0.0862279
0.954648,0.0940297
0.572789,0.0958465
0.343673,0.0896305
0.206204,0.109897
0.123722,0.14655
0.0742334,0.155214
0.04454,0.135972
0.0742334,0.134861
0.123722,0.139192
0.206204,0.107538
0.206204,0.107845
0.206204,0.106483
0.206204,0.106699
0.206204,0.112452
0.206204,0.107875
0.206204,0.108997
0.206204,0.106465
0.206204,0.106708
0.206204,0.106678
0.206204,0.119169
0.206204,0.122409
0.206204,0.125349
0.206204,0.129505
0.343673,0.100128
0.572789,0.0931463
0.954648,0.100375
1.59108,0.132189
2.6518,0.245914
2.6518,0.244558
2.6518,0.243862
2.6518,0.248372
2.6518,0.243756
2.6518,0.238335
2.6518,0.222775
2.6518,0.220181
2.6518,0.218721
2.6518,0.222898
1.59108,0.119319
0.954648,0.0980051
0.572789,0.0953833
0.343673,0.102869
0.343673,0.109603
0.343673,0.117388
0.343673,0.118197
0.343673,0.105999
0.343673,0.105885
0.343673,0.107943
0.343673,0.131476
0.343673,0.0999635
0.343673,0.10514
0.343673,0.103351
0.343673,0.105476
0.572789,0.116995
0.954648,0.111643
1.59108,0.111076
2.6518,0.209755
4.41967,0.0939275
7.36611,0.092316
12.2768,0.0925271
20.4614,1.80504
12.2768,1.37049
7.36611,1.78539
4.41967,1.16437
2.6518,0.606649
1.59108,0.113109
0.954648,0.0995493
0.572789,0.0948439
0.572789,0.100704
0.343673,0.100132
0.206204,0.11243
0.123722,0.120304
0.0742334,0.125591
0.04454,0.136494
0.026724,0.136927
0.04454,0.149265
0.0742334,0.125169
0.0742334,0.147598
0.0742334,0.13553
0.0742334,0.134525
0.0742334,0.138623
0.123722,0.144464
0.206204,0.120314
0.206204,0.136375
0.206204,0.118902
0.206204,0.121849
0.206204,0.119092
0.206204,0.118063
1.07956,0.00831688
1.07956,0.0226491
1.07956,0.00889247
1.07956,0.00872527
1.07956,0.00875773
1.07956,0.0114871
1.07956,0.0212289
1.07956,0.0107558
1.07956,0.013789
1.07956,0.011755
1.07956,0.011562
1.07956,0.0083416
1.07956,0.0138163
1.07956,0.0104684
1.88954,0.00669987
1.88954,0.0149335
1.88954,0.0149445
1.88954,0.0115822
1.88954,0.0108681
1.88954,0.00740134
1.88954,0.0115296
1.88954,0.0133839
1.88954,0.0134917
1.88954,0.00841462
1.88954,0.00973406
1.88954,0.0145334
1.88954,0.00881597
1.88954,0.0082742
1.88954,0.00808265
1.88954,0.00616044
1.88954,0.00518041
1.88954,0.00524289
1.88954,0.00591916
1.88954,0.00522577
1.88954,0.00542952
1.88954,0.00516745
1.88954,0.00718603
1.88954,0.00724617
1.88954,0.00959645
1.88954,0.0108517
1.88954,0.00978379
1.88954,0.01472
1.88954,0.00698802
1.88954,0.0138062
3.14924,0.0215371
1.88954,0.0108372
1.88954,0.0151816
1.88954,0.0126276
1.88954,0.00653288
1.88954,0.0143707
1.88954,0.00910578
1.88954,0.0151263
1.88954,0.0110902
1.88954,0.00954939
1.88954,0.00766102
1.88954,0.00575572
2.32052,0.0221972
2.32052,0.0241543
3.86754,0.0353042
0.633892,0.0111246
1.05649,0.0126695
1.05649,0.0110135
1.05649,0.0119463
1.05649,0.0121326
1.05649,0.0135416
1.05649,0.0113181
1.05649,0.0117987
1.05649,0.0134892
1.05649,0.0138961
1.05649,0.0111285
1.05649,0.014508
1.05649,0.0119584
1.76081,0.0118802
2.93468,0.0222385
4.89114,0.0455955
8.1519,0.0476119
13.5865,0.0493772
22.6442,0.0364443
22.6442,0.0358164
22.6442,0.0363645
22.6442,0.0515549
22.6442,0.0479117
22.6442,0.0511662
22.6442,0.0513167
22.6442,0.0493335
22.6442,0.0519764
37.7403,0.0442289
62.9005,0.0993207
104.834,0.122608
174.724,0.108147
104.834,0.106856
62.9005,0.0985106
37.7403,0.044725
22.6442,0.0496505
13.5865,0.0550845
8.1519,0.0522422
4.89114,0.0435687
2.93468,0.0235161
2.93468,0.0220985
2.93468,0.0256985
2.93468,0.0225222
2.93468,0.0310269
2.93468,0.0244196
2.93468,0.0221119
2.93468,0.0245302
2.93468,0.0242449
2.93468,0.0215556
2.93468,0.0227885
2.93468,0.0263724
2.93468,0.0229639
2.93468,0.0266784
2.93468,0.021423
2.93468,0.0250895
2.93468,0.022836
4.89114,0.0439065
8.1519,0.050409
13.5865,0.0502588
22.6442,0.0361931
37.7403,0.0447646
62.9005,0.101144
104.834,0.11277
174.724,0.116751
291.206,0.12466
291.206,0.127494
291.206,0.125676
291.206,0.11891
291.206,0.11865
485.343,0.127428
808.905,0.118002
808.905,0.12563
808.905,0.115999
808.905,0.116219
808.905,0.118963
485.343,0.127345
291.206,0.119377
174.724,0.121428
104.834,0.110698
62.9005,0.0982386
37.7403,0.049626
22.6442,0.0420448
13.5865,0.0598354
8.1519,0.0491256
4.89114,0.0515008
2.93468,0.0241184
1.76081,0.0126098
1,0.0331042
1,0.0308691
0.123722,0.135995
0.206204,0.133689
0.206204,0.140442
0.206204,0.112566
0.206204,0.112662
0.206204,0.114521
0.206204,0.116636
0.206204,0.115626
0.343673,0.103996
0.572789,0.0984762
0.572789,0.10899
0.572789,0.0979459
0.572789,0.0981563
0.572789,0.0969619
0.572789,0.0960141
0.572789,0.113032
0.572789,0.0943944
0.572789,0.0941842
0.572789,0.093775
0.954648,0.125523
1.59108,0.143433
0.954648,0.112323
0.572789,0.0962066
0.343673,0.107295
0.206204,0.104989
0.123722,0.133278
0.123722,0.134673
0.123722,0.13817
0.123722,0.143093
0.123722,0.140099
0.123722,0.140931
0.123722,0.13534
0.123722,0.136439
0.123722,0.153229
0.206204,0.145694
0.206204,0.127748
0.206204,0.116537
0.206204,0.118037
0.343673,0.135988
0.572789,0.102154
0.954648,0.132945
1.59108,0.142414
2.6518,0.25888
2.6518,0.272785
2.6518,0.263287
2.6518,0.262735
4.41967,0.591203
7.36611,0.483964
12.2768,0.357771
20.4614,0.198536
34.1024,0.110146
56.8373,0.11433
56.8373,0.119861
56.8373,0.0970649
56.8373,0.096353
56.8373,0.0996687
94.7288,0.14387
157.881,0.163823
263.135,0.160639
263.135,0.171159
263.135,0.158873
263.135,0.164922
438.559,0.175827
730.932,0.160063
438.559,0.163918
263.135,0.159869
157.881,0.151998
94.7288,0.14188
56.8373,0.0989886
34.1024,0.113725
20.4614,0.200524
12.2768,0.345172
7.36611,0.478599
4.41967,0.567462
2.6518,0.263125
1.59108,0.140095
0.954648,0.105917
0.572789,0.0959712
0.343673,0.0932339
0.206204,0.0999261
0.206204,0.113896
0.206204,0.104456
0.206204,0.10949
0.206204,0.11526
0.206204,0.113375
0.206204,0.112275
0.206204,0.113713
0.206204,0.116463
0.206204,0.124438
0.206204,0.113198
0.206204,0.115029
0.206204,0.120785
0.206204,0.116787
0.206204,0.116109
0.206204,0.118528
0.206204,0.121109
0.206204,0.119158
0.206204,0.115916
0.206204,0.142213
0.206204,0.11929
0.206204,0.122147
0.343673,0.128674
0.572789,0.116346
0.954648,0.128516
1.59108,0.145723
1.59108,0.159695
1.59108,0.146547
1.59108,0.145912
1.59108,0.154106
1.59108,0.140329
1.59108,0.139913
1.59108,0.139635
1.59108,0.153303
1.59108,0.142688
1.59108,0.13602
1.59108,0.134607
0.954648,0.119086
0.572789,0.113262
0.343673,0.110851
0.206204,0.0923196
0.206204,0.109647
0.206204,0.1018
0.206204,0.115778
0.206204,0.117811
0.206204,0.117638
0.206204,0.117581
0.343673,0.133695
0.572789,0.0956961
0.954648,0.100639
1.59108,0.137326
0.954648,0.113765
0.572789,0.104782
0.572789,0.112154
0.572789,0.0970138
0.572789,0.0985792
0.572789,0.0966206
0.572789,0.0968724
0.572789,0.111844
0.572789,0.0969101
0.572789,0.0967244
0.572789,0.0991971
0.572789,0.099346
0.954648,0.12136
1.59108,0.148247
2.6518,0.228858
4.41967,0.0925279
2.6518,0.232678
1.59108,0.126675
0.954648,0.104172
0.572789,0.11059
0.343673,0.10407
0.206204,0.123015
0.123722,0.138057
0.0742334,0.138078
0.04454,0.140588
0.0742334,0.151126
0.123722,0.12619
0.206204,0.123088
0.206204,0.13974
0.206204,0.146711
0.206204,0.122933
0.206204,0.111332
0.206204,0.115051
0.206204,0.111346
0.206204,0.107878
0.206204,0.11111
0.206204,0.111819
0.206204,0.115596
0.206204,0.111187
0.206204,0.126966
0.206204,0.122121
0.206204,0.118349
0.206204,0.116407
0.206204,0.115751
0.206204,0.119594
0.206204,0.114617
0.206204,0.118206
0.206204,0.126882
0.123722,0.137573
0.0742334,0.137277
0.0742334,0.155163
0.0742334,0.135166
0.0742334,0.135745
0.123722,0.145304
0.206204,0.147772
0.343673,0.13101
0.572789,0.0964125
0.572789,0.113599
0.572789,0.0968574
0.572789,0.10572
0.572789,0.112351
0.572789,0.114768
0.572789,0.102981
0.572789,0.100455
0.572789,0.108848
0.572789,0.0954612
0.572789,0.0958487
0.954648,0.120572
1.59108,0.158135
2.6518,0.260655
1.09214,0.0513091
1.09214,0.0668105
1.09214,0.0577033
1.09214,0.0563944
1.09214,0.0515332
1.09214,0.054448
1.09214,0.0509426
1.82023,0.0577771
3.03371,0.07147
5.05618,0.107897
8.42697,0.116837
14.0449,0.110416
23.4082,0.124769
39.0137,0.110038
39.0137,0.119445
39.0137,0.110628
39.0137,0.109509
39.0137,0.10864
65.0229,0.577711
108.372,0.629057
108.372,0.637573
108.372,0.630374
180.619,0.632835
180.619,0.628147
180.619,0.628759
108.372,0.630569
65.0229,0.558503
39.0137,0.104961
23.4082,0.15123
14.0449,0.100136
8.42697,0.114533
5.05618,0.104612
8.42697,0.121285
8.42697,0.125761
8.42697,0.116408
8.42697,0.113066
8.42697,0.11462
14.0449,0.112688
23.4082,0.121853
39.0137,0.106366
65.0229,0.571876
108.372,0.631507
108.372,0.631319
108.372,0.630854
108.372,0.651078
65.0229,0.571378
39.0137,0.107586
23.4082,0.149577
14.0449,0.109226
8.42697,0.125625
5.05618,0.105706
3.03371,0.0729949
1.82023,0.0646412
1.09214,0.0518971
1.09214,0.0674006
1.09214,0.0681636
1.09214,0.05408
1.09214,0.0521672
1.09214,0.0504395
1.09214,0.0506226
1.09214,0.0509605
1.09214,0.0532714
1,0.0982145
1.11139,0.0978368
1.11139,0.0804799
1.11139,0.0830868
1.11139,0.0833599
1.11139,0.0847501
1.11139,0.0921605
1.85231,0.072849
3.08719,0.0969056
5.14531,0.116179
8.57552,0.120075
8.57552,0.1168
8.57552,0.119364
8.57552,0.119064
14.2925,0.115239
23.8209,0.117594
39.7015,0.142894
66.1692,0.357051
110.282,0.416446
110.282,0.391458
110.282,0.411137
110.282,0.459674
110.282,0.441694
110.282,0.387958
110.282,0.39462
66.1692,0.357213
39.7015,0.147372
23.8209,0.114988
14.2925,0.114819
8.57552,0.11607
5.14531,0.123273
3.08719,0.0930333
1.85231,0.0773553
1.11139,0.0781613
0.666833,0.0773504
0.4001,0.0858712
0.24006,0.0814075
1,0.100799
1.11139,0.0934246
1.85231,0.0908863
3.08719,0.108951
5.14531,0.133745
8.57552,0.11604
8.57552,0.12846
8.57552,0.118654
8.57552,0.111348
8.57552,0.114857
14.2925,0.121399
23.8209,0.121449
39.7015,0.142812
66.1692,0.342938
39.7015,0.150991
23.8209,0.110924
14.2925,0.121801
8.57552,0.114719
8.57552,0.118769
8.57552,0.112303
8.57552,0.116199
8.57552,0.112622
8.57552,0.111125
8.57552,0.11525
8.57552,0.118955
8.57552,0.111879
8.57552,0.114757
8.57552,0.134977
14.2925,0.125007
23.8209,0.122973
39.7015,0.141079
66.1692,0.355505
110.282,0.383202
110.282,0.392699
66.1692,0.363499
39.7015,0.148668
23.8209,0.111
23.8209,0.108246
23.8209,0.111323
23.8209,0.110885
23.8209,0.109043
23.8209,0.112687
23.8209,0.110342
23.8209,0.107979
23.8209,0.112785
23.8209,0.11698
23.8209,0.122176
23.8209,0.117658
23.8209,0.110739
23.8209,0.117021
23.8209,0.11638
23.8209,0.113474
39.7015,0.151633
1,0.100159
1.11139,0.0970842
1.85231,0.088765
3.08719,0.0975041
5.14531,0.129263
5.14531,0.122259
5.14531,0.127773
8.57552,0.114612
14.2925,0.124398
23.8209,0.117534
23.8209,0.118425
14.2925,0.122254
14.2925,0.116177
14.2925,0.116324
14.2925,0.115719
14.2925,0.116716
14.2925,0.111667
14.2925,0.116868
11.5557,0.114742
11.5557,0.114934
11.5557,0.116714
11.5557,0.113332
11.5557,0.118096
19.2595,0.119581
32.0991,0.152239
53.4986,0.144168
89.1643,0.347847
148.607,0.379114
148.607,0.379501
148.607,0.375281
148.607,0.391053
148.607,0.376493
148.607,0.376705
148.607,0.381947
89.1643,0.373091
53.4986,0.143711
32.0991,0.141468
19.2595,0.109855
11.5557,0.109258
11.5557,0.121295
11.5557,0.110048
11.5557,0.109859
11.5557,0.110862
11.5557,0.113457
19.2595,0.121825
32.0991,0.14773
53.4986,0.143356
53.4986,0.151317
53.4986,0.153344
53.4986,0.142526
53.4986,0.141642
53.4986,0.139575
53.4986,0.145785
53.4986,0.147478
53.4986,0.148449
53.4986,0.14328
53.4986,0.139788
53.4986,0.141424
32.0991,0.146277
32.0991,0.144601
32.0991,0.147512
32.0991,0.145299
32.0991,0.147482
32.0991,0.143345
32.0991,0.151142
32.0991,0.14591
32.0991,0.144761
53.4986,0.150608
89.1643,0.347211
148.607,0.376098
247.679,0.384342
148.607,0.382177
89.1643,0.338772
53.4986,0.141415
32.0991,0.142417
19.2595,0.111812
11.5557,0.114458
11.5557,0.119368
6.93341,0.119777
4.16005,0.122086
2.49603,0.0968232
1.49762,0.0912518
0.898571,0.0797591
0.539142,0.0793068
0.898571,0.0812645
1.49762,0.0774193
2.49603,0.116821
4.16005,0.123208
4.16005,0.138537
4.16005,0.136762
4.16005,0.135433
4.16005,0.140881
4.16005,0.136244
6.93341,0.117627
11.5557,0.114628
11.5557,0.118425
11.5557,0.111862
11.5557,0.112944
11.5557,0.113987
11.5557,0.114071
11.5557,0.120739
11.5557,0.116007
11.5557,0.114128
11.5557,0.111433
11.5557,0.111277
11.5557,0.113957
11.5557,0.115561
11.5557,0.120377
11.5557,0.114082
11.5557,0.11238
11.5557,0.110965
11.5557,0.124504
11.5557,0.116954
19.2595,0.110858
11.5557,0.11257
6.93341,0.117371
4.16005,0.128192
6.93341,0.117858
11.5557,0.124525
11.5557,0.119945
11.5557,0.118894
11.5557,0.113265
11.5557,0.112378
11.5557,0.117405
11.5557,0.120067
11.5557,0.11553
11.5557,0.120658
11.5557,0.113276
11.5557,0.119205
11.5557,0.110589
19.2595,0.118098
32.0991,0.143391
53.4986,0.143387
89.1643,0.339899
148.607,0.376907
148.607,0.372328
89.1643,0.345538
53.4986,0.142642
32.0991,0.145243
19.2595,0.114846
11.5557,0.117499
6.93341,0.117
4.16005,0.124137
6.93341,0.124739
6.93341,0.121069
6.93341,0.113428
6.93341,0.124274
6.93341,0.116405
6.93341,0.122641
6.93341,0.119707
11.5557,0.116334
19.2595,0.111659
19.2595,0.119145
19.2595,0.109666
19.2595,0.108688
19.2595,0.113307
19.2595,0.110881
19.2595,0.112279
32.0991,0.147782
53.4986,0.145432
89.1643,0.343785
148.607,0.373567
148.607,0.400704
148.607,0.379904
148.607,0.38997
247.679,0.39831
412.798,0.391898
687.996,0.395424
1146.66,0.385134
687.996,0.39764
412.798,0.386647
247.679,0.370662
148.607,0.372906
89.1643,0.336345
148.607,0.377797
247.679,0.371278
412.798,0.384997
687.996,0.383498
1146.66,0.385399
1,0.103291
1.11139,0.0971575
1.85231,0.0969832
3.08719,0.106401
5.14531,0.121839
5.14531,0.140585
5.14531,0.128775
5.14531,0.127657
5.14531,0.12622
5.14531,0.129615
5.14531,0.114021
5.14531,0.124603
5.14531,0.130595
5.14531,0.126411
8.57552,0.124872
14.2925,0.114596
23.8209,0.111446
23.8209,0.118977
23.8209,0.121427
23.8209,0.112469
23.8209,0.110103
23.8209,0.110036
23.8209,0.109519
23.8209,0.110611
23.8209,0.113262
23.8209,0.119377
23.8209,0.111403
23.8209,0.111726
23.8209,0.109705
23.8209,0.109456
23.8209,0.111101
23.8209,0.111954
23.8209,0.123547
23.8209,0.110844
23.8209,0.110265
23.8209,0.109565
23.8209,0.115062
23.8209,0.112815
23.8209,0.113418
23.8209,0.116931
23.8209,0.111731
23.8209,0.109123
23.8209,0.110449
23.8209,0.111469
23.8209,0.123438
23.8209,0.11194
23.8209,0.109599
23.8209,0.10921
23.8209,0.113597
19.2595,0.119299
11.5557,0.119585
11.5557,0.110063
11.5557,0.1143
11.5557,0.110855
11.5557,0.11232
11.5557,0.116385
11.5557,0.110394
11.5557,0.110528
11.5557,0.11249
11.5557,0.114313
11.5557,0.113684
11.5557,0.110386
11.5557,0.110632
11.5557,0.11359
11.5557,0.113525
11.5557,0.109547
11.5557,0.113755
11.5557,0.110557
11.5557,0.118465
11.5557,0.110832
11.5557,0.114128
11.5557,0.111596
11.5557,0.121431
11.5557,0.11117
11.5557,0.111551
11.5557,0.109898
11.5557,0.132901
11.5557,0.109454
11.5557,0.110599
11.5557,0.110825
11.5557,0.114569
11.5557,0.113128
19.2595,0.122251
32.0991,0.151075
53.4986,0.14135
89.1643,0.351721
148.607,0.376502
247.679,0.383604
412.798,0.389794
412.798,0.392476
412.798,0.389369
412.798,0.388146
247.679,0.385326
148.607,0.389291
89.1643,0.34434
1,0.102682
1.11139,0.0954057
1.11139,0.0937942
1.11139,0.0840492
1.11139,0.0841553
1.11139,0.0766743
1.85231,0.096883
3.08719,0.0983873
5.14531,0.119797
8.57552,0.125494
14.2925,0.116932
14.2925,0.117837
14.2925,0.123294
11.5557,0.11777
6.93341,0.120997
4.16005,0.12527
2.49603,0.0993445
1.49762,0.0942027
0.898571,0.0895226
1.49762,0.0940922
2.49603,0.100977
4.16005,0.137149
6.93341,0.120263
11.5557,0.121718
19.2595,0.115619
19.2595,0.117542
19.2595,0.115207
19.2595,0.11523
19.2595,0.113057
19.2595,0.11114
19.2595,0.108504
11.5557,0.120842
6.93341,0.115417
4.16005,0.11986
2.49603,0.100662
1.49762,0.0821034
2.49603,0.120086
4.16005,0.133036
6.93341,0.114777
6.93341,0.124884
6.93341,0.116856
6.93341,0.117032
6.93341,0.116802
11.5557,0.12839
19.2595,0.113498
19.2595,0.120564
19.2595,0.1121
19.2595,0.111564
19.2595,0.116264
19.2595,0.116972
19.2595,0.11438
19.2595,0.117072
19.2595,0.124507
19.2595,0.120414
19.2595,0.121013
19.2595,0.112282
19.2595,0.112082
19.2595,0.112637
19.2595,0.117127
19.2595,0.120421
19.2595,0.127795
19.2595,0.115454
19.2595,0.113688
19.2595,0.113098
19.2595,0.11924
19.2595,0.118273
19.2595,0.124726
19.2595,0.125956
19.2595,0.11814
19.2595,0.117356
19.2595,0.115548
19.2595,0.116085
19.2595,0.119474
11.5557,0.121458
6.93341,0.133763
4.16005,0.128541
6.93341,0.12639
11.5557,0.127073
19.2595,0.118545
19.2595,0.114831
19.2595,0.121217
19.2595,0.11537
19.2595,0.11205
19.2595,0.117684
19.2595,0.116513
19.2595,0.11071
19.2595,0.114869
19.2595,0.111637
19.2595,0.114101
19.2595,0.10917
19.2595,0.118632
19.2595,0.113504
19.2595,0.114673
11.5557,0.117011
6.93341,0.118726
4.16005,0.125927
2.49603,0.109634
2.49603,0.0986805
4.16005,0.123558
6.93341,0.124896
11.5557,0.115807
11.5557,0.126167
11.5557,0.111647
11.5557,0.113124
11.5557,0.113212
11.5557,0.113687
11.5557,0.112438
6.93341,0.126507
6.93341,0.122441
6.93341,0.114704
6.93341,0.126597
6.93341,0.12205
6.93341,0.119218
8.57552,0.125737
1,0.098012
1.11139,0.0956256
1.85231,0.0761676
3.08719,0.0988726
5.14531,0.117496
8.57552,0.118557
8.57552,0.114484
8.57552,0.113188
14.2925,0.111398
23.8209,0.114623
14.2925,0.112129
14.2925,0.112342
14.2925,0.112121
14.2925,0.113617
14.2925,0.114034
14.2925,0.112511
14.2925,0.112367
14.2925,0.112881
14.2925,0.11597
14.2925,0.110938
14.2925,0.112207
14.2925,0.114067
14.2925,0.116163
14.2925,0.113187
14.2925,0.114962
23.8209,0.109632
23.8209,0.111834
23.8209,0.11196
23.8209,0.113459
39.7015,0.141548
23.8209,0.121767
14.2925,0.114498
14.2925,0.11495
14.2925,0.112349
14.2925,0.113666
14.2925,0.116883
14.2925,0.113352
14.2925,0.109771
14.2925,0.113029
14.2925,0.116385
14.2925,0.112686
14.2925,0.111627
14.2925,0.112211
14.2925,0.128857
14.2925,0.112342
23.8209,0.116748
39.7015,0.152003
39.7015,0.144056
39.7015,0.14406
39.7015,0.145029
39.7015,0.149685
66.1692,0.3415
110.282,0.382409
183.803,0.385771
306.339,0.398626
510.564,0.393368
850.941,0.395475
510.564,0.402728
306.339,0.395168
183.803,0.386577
110.282,0.387834
66.1692,0.346613
39.7015,0.145401
39.7015,0.144526
39.7015,0.144465
39.7015,0.143746
39.7015,0.148475
39.7015,0.147768
39.7015,0.14383
39.7015,0.144918
39.7015,0.141757
39.7015,0.145368
1,0.0975107
1.11139,0.0948594
1.85231,0.0847414
3.08719,0.106204
5.14531,0.117649
5.14531,0.118392
8.57552,0.114598
14.2925,0.114175
14.2925,0.111075
23.8209,0.109599
39.7015,0.142538
66.1692,0.356614
110.282,0.390437
110.282,0.408411
110.282,0.388093
110.282,0.392367
110.282,0.406452
110.282,0.389805
110.282,0.388274
110.282,0.387359
110.282,0.380916
110.282,0.384995
183.803,0.382466
306.339,0.403471
306.339,0.400269
306.339,0.406374
306.339,0.412294
510.564,0.401912
306.339,0.439492
183.803,0.395705
110.282,0.384075
66.1692,0.346893
66.1692,0.404844
66.1692,0.336537
66.1692,0.342838
66.1692,0.34319
66.1692,0.341441
66.1692,0.343972
1,0.0970909
1.11139,0.0957575
1.85231,0.0780871
3.08719,0.0979452
5.14531,0.135499
5.14531,0.113282
8.57552,0.12782
14.2925,0.118998
14.2925,0.1084
14.2925,0.112546
14.2925,0.125062
14.2925,0.127328
14.2925,0.110772
14.2925,0.11342
14.2925,0.11386
14.2925,0.111932
14.2925,0.112175
14.2925,0.111633
14.2925,0.108691
14.2925,0.11177
14.2925,0.107297
14.2925,0.126691
23.8209,0.108137
39.7015,0.147166
23.8209,0.110154
14.2925,0.108188
14.2925,0.110976
14.2925,0.113209
23.8209,0.108451
1,0.0983671
1.11139,0.0913518
1.85231,0.0913363
3.08719,0.0972804
5.14531,0.126309
8.57552,0.116055
14.2925,0.112917
14.2925,0.124892
14.2925,0.113196
14.2925,0.114188
14.2925,0.111548
14.2925,0.124408
14.2925,0.115539
23.8209,0.120063
39.7015,0.1427
66.1692,0.342001
110.282,0.390571
66.1692,0.337593
39.7015,0.141579
23.8209,0.110461
23.8209,0.112243
23.8209,0.10656
23.8209,0.109182
23.8209,0.109883
39.7015,0.154626
66.1692,0.350241
110.282,0.376142
183.803,0.375117
306.339,0.388418
510.564,0.393971
850.941,0.38885
850.941,0.386529
850.941,0.384753
850.941,0.380756
510.564,0.388009
510.564,0.397013
510.564,0.385309
510.564,0.38797
510.564,0.38933
850.941,0.394679
510.564,0.406277
306.339,0.389881
183.803,0.393932
110.282,0.416628
66.1692,0.376506
39.7015,0.156585
23.8209,0.117614
23.8209,0.11379
23.8209,0.123703
23.8209,0.125283
39.7015,0.147209
66.1692,0.352438
110.282,0.39141
110.282,0.401643
110.282,0.383958
110.282,0.384723
110.282,0.381517
110.282,0.386422
183.803,0.414481
306.339,0.393475
183.803,0.372477
183.803,0.376786
183.803,0.377753
183.803,0.395422
183.803,0.414517
183.803,0.387014
183.803,0.378402
306.339,0.403143
510.564,0.382462
850.941,0.386026
1418.23,0.384099
1418.23,0.384979
1418.23,0.38924
1418.23,0.387952
1418.23,0.385287
1418.23,0.39391
1418.23,0.389356
850.941,0.386438
510.564,0.386856
510.564,0.38278
510.564,0.386758
510.564,0.383196
510.564,0.382551
510.564,0.399412
510.564,0.406399
510.564,0.382373
510.564,0.394594
510.564,0.388733
510.564,0.392651
510.564,0.387262
510.564,0.390608
510.564,0.390737
850.941,0.384569
850.941,0.390943
850.941,0.38879
850.941,0.38872
510.564,0.399316
306.339,0.396343
183.803,0.391053
110.282,0.388242
66.1692,0.345736
39.7015,0.146762
23.8209,0.113057
14.2925,0.118918
8.57552,0.116843
5.14531,0.119421
5.14531,0.114262
5.14531,0.117259
5.14531,0.121928
5.14531,0.115967
5.14531,0.118399
5.14531,0.117702
5.14531,0.118274
5.14531,0.120933
5.14531,0.120142
5.14531,0.112431
5.14531,0.112388
5.14531,0.119427
5.14531,0.120941
5.14531,0.122282
5.14531,0.119169
8.57552,0.110287
14.2925,0.111553
23.8209,0.106738
39.7015,0.139271
66.1692,0.345785
110.282,0.381331
183.803,0.387919
306.339,0.400079
510.564,0.391587
850.941,0.389841
1418.23,0.404629
850.941,0.396999
510.564,0.388917
306.339,0.386432
183.803,0.388625
110.282,0.381794
66.1692,0.343649
39.7015,0.145498
23.8209,0.11142
14.2925,0.113517
8.57552,0.118825
5.14531,0.119545
3.08719,0.0943939
1.85231,0.0762892
1.11139,0.0811176
0.666833,0.0817787
0.4001,0.0865388
0.666833,0.0736284
1.11139,0.0739773
1.85231,0.077784
3.08719,0.0898779
5.14531,0.115781
8.57552,0.124506
8.57552,0.126956
8.57552,0.128285
8.57552,0.128474
8.57552,0.134708
8.57552,0.127703
14.2925,0.116252
23.8209,0.119009
39.7015,0.14971
66.1692,0.358482
66.1692,0.3471
66.1692,0.338145
66.1692,0.355316
110.282,0.376851
183.803,0.39637
306.339,0.408948
510.564,0.432989
850.941,0.412345
1418.23,0.399721
1418.23,0.398832
1418.23,0.398796
1418.23,0.401044
1418.23,0.39808
2363.72,0.401411
1418.23,0.386179
850.941,0.394374
510.564,0.398334
306.339,0.396908
306.339,0.404789
306.339,0.403158
306.339,0.400438
306.339,0.440053
306.339,0.401607
306.339,0.396105
306.339,0.395103
306.339,0.396919
306.339,0.393171
306.339,0.396734
306.339,0.408542
306.339,0.391882
306.339,0.392832
306.339,0.392731
306.339,0.395936
1,0.0989813
1.11139,0.0940799
1.85231,0.094316
3.08719,0.110577
5.14531,0.138028
8.57552,0.133041
8.57552,0.118964
8.57552,0.123709
8.54179,0.125215
14.2363,0.116323
23.7272,0.116626
39.5453,0.150487
65.9089,0.358151
109.848,0.402795
183.08,0.410942
183.08,0.422486
183.08,0.387883
183.08,0.383755
305.134,0.396512
508.556,0.405433
847.593,0.415096
508.556,0.411556
305.134,0.414451
183.08,0.394163
109.848,0.401062
65.9089,0.362037
39.5453,0.156646
23.7272,0.115249
14.2363,0.120845
8.54179,0.128246
5.12507,0.127454
3.07504,0.103618
1.84503,0.0833393
1.10702,0.0867613
0.664209,0.0835068
0.398526,0.0821716
0.239115,0.0895581
0.143469,0.084776
0.239115,0.0782288
0.398526,0.0851087
0.664209,0.0811737
1.10702,0.0803402
1.84503,0.0781962
1.84503,0.074653
1.84503,0.0747746
1.84503,0.0769714
1.84503,0.0752391
1.84503,0.0806051
1.84503,0.082533
3.07504,0.104914
5.12507,0.123807
8.54179,0.122915
14.2363,0.12381
23.7272,0.131943
39.5453,0.146486
65.9089,0.345919
109.848,0.426612
109.848,0.44851
109.848,0.393701
65.9089,0.332756
65.9089,0.346743
65.9089,0.335758
65.9089,0.335972
65.9089,0.342064
65.9089,0.337791
65.9089,0.339091
65.9089,0.340879
65.9089,0.332102
65.9089,0.337933
65.9089,0.342871
65.9089,0.336533
66.1692,0.344187
66.1692,0.333598
65.9089,0.344926
65.9089,0.333634
65.9089,0.336352
65.9089,0.351672
39.5453,0.142719
23.7272,0.111731
14.2363,0.112625
14.2363,0.114114
14.2925,0.111618
14.2925,0.113624
14.2363,0.114007
14.2363,0.108198
14.2363,0.109757
14.2363,0.110306
14.2363,0.108975
14.2363,0.110921
14.2363,0.110347
14.2363,0.126434
14.2363,0.111085
14.2925,0.112642
14.2925,0.113548
14.2363,0.112274
23.7272,0.108903
39.5453,0.140286
65.9089,0.347906
109.848,0.396128
183.08,0.374061
183.08,0.383185
183.803,0.379506
183.803,0.382405
183.08,0.382982
109.848,0.381413
65.9089,0.340141
39.5453,0.140378
23.7272,0.11288
23.7272,0.13695
23.8209,0.140186
23.8209,0.11708
23.7272,0.114196
14.2363,0.113897
8.54179,0.118863
1,0.0996132
1.11139,0.0954255
1.85231,0.0721122
3.08719,0.0945211
3.08719,0.0916796
3.08719,0.0942199
3.08719,0.0961444
5.14531,0.117863
8.57552,0.110943
14.2925,0.112967
14.2925,0.112191
14.2925,0.116012
14.2363,0.114876
23.7272,0.112584
23.7272,0.109481
23.7272,0.111017
23.7272,0.111742
23.7272,0.112158
23.7272,0.118852
23.8209,0.113076
23.8209,0.107091
23.7272,0.111225
39.5453,0.144407
65.9089,0.345142
109.848,0.386577
183.08,0.385305
305.134,0.405703
508.556,0.429294
847.593,0.441389
1412.66,0.442316
2354.43,0.439028
3924.04,0.415009
3924.04,0.407146
2354.43,0.406331
1412.66,0.408275
847.593,0.409144
508.556,0.437226
305.134,0.423858
183.08,0.396292
109.848,0.391487
65.9089,0.356704
39.5453,0.152982
23.7272,0.114182
14.2363,0.114837
8.54179,0.118747
5.12507,0.123314
3.07504,0.0979112
1.84503,0.0751949
1.10702,0.0805491
0.664209,0.0791661
0.398526,0.0826868
0.664209,0.0788922
1.10702,0.0795346
1.84503,0.0820918
3.07504,0.0959283
5.12507,0.119901
5.12507,0.114297
5.12507,0.131359
5.12507,0.121073
8.54179,0.118795
14.2363,0.119386
23.7272,0.114787
23.7272,0.110939
23.7272,0.112027
23.7272,0.1111
23.7272,0.114556
39.5453,0.140955
65.9089,0.358873
109.848,0.413334
183.08,0.390108
183.08,0.39232
183.08,0.386638
183.08,0.397579
183.08,0.383554
305.134,0.449886
508.556,0.405791
1,0.0973831
1.11139,0.0944537
1.85231,0.0723651
3.08719,0.0993159
5.14531,0.136628
8.57552,0.123998
8.57552,0.111527
8.57552,0.11607
8.57552,0.113787
8.57552,0.114331
8.57552,0.11459
8.57552,0.112081
8.57552,0.110468
8.54179,0.11637
14.2363,0.11019
23.7272,0.111384
39.5453,0.143112
39.5453,0.152708
39.5453,0.141545
39.5453,0.140681
39.5453,0.14182
39.5453,0.154767
65.9089,0.35634
109.848,0.38698
183.08,0.385663
305.134,0.405111
508.556,0.40323
847.593,0.406043
1412.66,0.407897
1412.66,0.417934
2354.43,0.394925
3924.04,0.398781
3924.04,0.392647
3924.04,0.394376
3924.04,0.393655
3924.04,0.395323
2354.43,0.390788
1412.66,0.399057
847.593,0.421023
508.556,0.401592
305.134,0.398506
183.08,0.387383
183.08,0.381905
183.803,0.384067
110.282,0.389338
66.1692,0.353753
39.7015,0.14391
23.8209,0.112628
14.2925,0.114355
14.2925,0.113427
14.2925,0.110798
14.2363,0.112502
